City_ID,City,Lat,Lng,Max Temp,Humidity,Cloudiness,Wind Speed,Country,Date
0,de aar,-30.6497,24.0123,11.74,39,0,3.8,ZA,1696205407
1,adamstown,-25.066,-130.1015,20.41,83,16,11.53,PN,1696205407
2,port-aux-francais,-49.35,70.2167,5.35,87,100,18.93,TF,1696205407
3,big stone gap,36.8677,-82.7745,22.08,68,0,1.91,US,1696205408
4,longyearbyen,78.2186,15.6401,-2.09,59,75,9.77,SJ,1696205408
5,hermanus,-34.4187,19.2345,13.06,70,2,3.57,ZA,1696205408
6,albany,42.6001,-73.9662,19.4,87,4,1.6,US,1696205408
7,ilulissat,69.2167,-51.1,-4.99,74,6,1.03,GL,1696205408
8,north adams,42.7009,-73.1087,19.39,78,0,2.24,US,1696205274
9,yurimaguas,-5.9,-76.0833,28.32,61,100,1.0,PE,1696205408
10,port alfred,-33.5906,26.891,13.43,86,2,1.34,ZA,1696205409
11,yellowknife,62.456,-114.3525,8.56,99,100,5.81,CA,1696205409
12,baishishan,43.5833,127.5667,10.88,57,35,2.05,CN,1696205409
13,hawaiian paradise park,19.5933,-154.9731,28.73,77,40,3.6,US,1696205409
14,nizhniy kuranakh,58.8353,125.4869,7.06,64,69,0.47,RU,1696205409
15,puerto natales,-51.7236,-72.4875,1.88,77,41,3.36,CL,1696205409
16,ancud,-41.8697,-73.8203,6.47,91,100,1.9,CL,1696205410
17,edinburgh of the seven seas,-37.0676,-12.3116,10.49,57,91,9.88,SH,1696205410
18,stanley,54.868,-1.6985,12.38,95,20,1.03,GB,1696205248
19,whitehorse,60.7161,-135.0538,8.23,79,98,1.79,CA,1696205410
20,bethel,41.3712,-73.414,20.17,84,0,0.0,US,1696205410
21,weno,7.4515,151.8468,26.82,83,100,8.3,FM,1696205410
22,waitangi,-43.9535,-176.5597,12.41,92,63,13.0,NZ,1696205410
23,margaret river,-33.95,115.0667,10.81,69,100,10.97,AU,1696205410
24,grytviken,-54.2811,-36.5092,3.13,83,1,5.49,GS,1696205410
25,avarua,-21.2078,-159.775,23.03,94,100,1.54,CK,1696205411
26,midvagur,62.0511,-7.1939,10.46,93,75,7.72,FO,1696205411
27,uige,-7.6087,15.0613,20.52,93,97,1.5,AO,1696205411
28,port mathurin,-19.6833,63.4167,23.0,78,5,6.56,MU,1696205411
29,afaahiti,-17.75,-149.2833,27.93,88,38,7.02,PF,1696205411
30,sakakah,29.9697,40.2064,26.76,25,61,2.44,SA,1696205411
31,uturoa,-16.7333,-151.4333,25.8,81,22,7.29,PF,1696205411
32,iqaluit,63.7506,-68.5145,3.72,80,100,0.89,CA,1696205412
33,okhotsk,59.3833,143.3,6.18,82,96,1.26,RU,1696205412
34,puerto ayora,-0.7393,-90.3518,23.64,94,97,2.24,EC,1696205412
35,dezhou,37.4486,116.2925,18.09,55,43,4.16,CN,1696205412
36,huedin,46.8667,23.05,10.23,67,76,2.37,RO,1696205412
37,ceeldheer,3.8488,47.1806,25.2,88,4,6.17,SO,1696205412
38,hovd,48.0056,91.6419,4.95,69,5,1.43,MN,1696205412
39,utrik,11.2278,169.8474,28.54,79,60,6.41,MH,1696205412
40,undurkhaan,47.3194,110.6556,10.69,38,100,0.8,MN,1696205413
41,alexandria,31.2156,29.9553,24.83,60,91,4.99,EG,1696205413
42,yibin,28.7667,104.6238,20.35,95,100,0.3,CN,1696205413
43,saint-paul,-21.0096,55.2707,22.06,68,5,3.21,RE,1696205413
44,rio grande,-32.035,-52.0986,12.06,78,1,2.8,BR,1696205413
45,homer,59.6425,-151.5483,9.93,84,100,2.57,US,1696205413
46,kapa'a,22.0752,-159.319,30.99,78,20,5.14,US,1696205413
47,iskateley,67.6803,53.1512,10.57,96,100,3.58,RU,1696205414
48,alangulam,8.8667,77.5,25.05,79,95,3.62,IN,1696205414
49,sao jose da coroa grande,-8.8978,-35.1478,23.47,75,3,3.15,BR,1696205414
50,ryotsu-minato,38.0833,138.4333,20.19,54,19,4.65,JP,1696205166
51,new norfolk,-42.7826,147.0587,16.62,37,93,1.92,AU,1696205414
52,mwanza,-2.5167,32.9,24.49,67,59,3.97,TZ,1696205414
53,freetown,8.484,-13.2299,26.52,84,100,1.21,SL,1696205415
54,vadso,70.0744,29.7487,3.49,70,100,8.75,NO,1696205415
55,oriximina,-1.7656,-55.8661,30.14,44,64,1.3,BR,1696205415
56,tazovsky,67.4667,78.7,0.23,95,100,7.54,RU,1696205415
57,palmer,42.1584,-72.3287,18.94,82,0,0.0,US,1696205415
58,papao,-17.75,-149.55,28.82,84,8,7.18,PF,1696205252
59,west island,-12.1568,96.8225,24.99,73,40,8.23,CC,1696205415
60,ust-nera,64.5667,143.2,1.79,56,56,2.68,RU,1696205415
61,vilyuchinsk,52.9306,158.4028,5.15,93,99,3.73,RU,1696205415
62,labuan,5.2767,115.2417,27.52,79,77,5.8,MY,1696205416
63,eldorado,-23.7869,-54.2836,20.89,70,61,0.94,BR,1696205416
64,jamestown,42.097,-79.2353,18.8,80,40,2.57,US,1696205403
65,queenstown,-31.8976,26.8753,9.17,76,45,1.33,ZA,1696205416
66,krasnyy chikoy,50.3643,108.7512,4.02,98,100,2.24,RU,1696205416
67,tiksi,71.6872,128.8694,-7.48,87,57,2.12,RU,1696205416
68,kasempa,-13.4584,25.8338,25.37,36,55,3.9,ZM,1696205416
69,udachny,66.4167,112.4,-0.86,100,100,10.0,RU,1696205287
70,campos sales,-7.0744,-40.3761,24.51,32,7,2.44,BR,1696205383
71,ribeira grande,38.5167,-28.7,19.32,85,100,1.79,PT,1696205417
72,vorkuta,67.5,64.0,9.18,94,100,5.39,RU,1696205417
73,vielha,42.6846,0.7726,12.81,59,13,1.79,ES,1696205417
74,tinghir,31.5157,-5.5343,23.01,27,71,1.23,MA,1696205417
75,parakou,9.3372,2.6303,22.79,95,100,3.58,BJ,1696205417
76,newman,37.3138,-121.0208,23.46,39,64,2.68,US,1696205417
77,kyabe,9.4515,18.9449,24.5,80,51,0.85,TD,1696205417
78,rongelap,11.1635,166.8941,28.88,75,48,7.0,MH,1696205418
79,blackmans bay,-43.0167,147.3167,15.96,46,76,4.23,AU,1696205418
80,kavalerovo,44.2661,135.0572,11.97,94,66,2.24,RU,1696205418
81,lokot',52.565,34.5776,8.68,87,100,2.62,RU,1696205418
82,tipasa,36.5897,2.4475,23.22,67,0,1.93,DZ,1696205418
83,nizhnesortymskiy,62.4397,71.7603,5.79,94,74,6.54,RU,1696205418
84,atafu village,-8.5421,-172.5159,28.6,70,66,2.07,TK,1696205418
85,bamboo flat,11.7,92.7167,26.05,94,75,5.14,IN,1696205418
86,saint-pierre,-21.3393,55.4781,21.82,64,0,3.09,RE,1696205419
87,presque isle,46.6811,-68.0159,14.99,64,0,3.09,US,1696205419
88,lindi,-10.0,39.7167,21.5,95,15,1.02,TZ,1696205419
89,flying fish cove,-10.4217,105.6791,23.82,83,100,5.14,CX,1696205161
90,rabaul,-4.1967,152.1721,28.3,73,38,1.1,PG,1696205419
91,tongchuanshi,35.0806,109.0897,12.19,86,100,1.15,CN,1696205419
92,bredasdorp,-34.5322,20.0403,10.12,89,2,1.36,ZA,1696205419
93,daru,-9.0763,143.2092,26.59,83,100,6.87,PG,1696205419
94,acarau,-2.8856,-40.12,25.58,79,18,7.33,BR,1696205420
95,fort bragg,35.139,-79.006,22.17,81,0,0.0,US,1696205420
96,nikolayevsk-on-amure,53.1406,140.73,9.82,97,100,3.68,RU,1696205283
97,ojinaga,29.5667,-104.4167,34.53,33,0,3.09,MX,1696205420
98,dingli,35.8614,14.3822,19.9,83,0,1.54,MT,1696205420
99,lorengau,-2.0226,147.2712,29.42,67,34,1.21,PG,1696205420
100,mount isa,-20.7333,139.5,29.87,23,0,4.12,AU,1696205420
101,puerto baquerizo moreno,-0.9,-89.6,22.76,87,98,4.56,EC,1696205420
102,college,64.8569,-147.8028,9.18,54,100,2.06,US,1696205421
103,petropavlovsk-kamchatsky,53.0452,158.6483,4.33,100,100,2.0,RU,1696205421
104,laguna,38.421,-121.4238,26.27,46,0,4.63,US,1696205421
105,nar'yan-mar,67.6713,53.087,10.62,96,100,3.58,RU,1696205421
106,sakaiminato,35.55,133.2333,18.99,82,75,2.57,JP,1696205167
107,kizlyar,43.8469,46.715,16.1,77,27,4.47,RU,1696205422
108,margate,51.3813,1.3862,16.28,92,96,0.45,GB,1696205422
109,las tablas,7.7667,-80.2833,26.74,86,100,1.09,PA,1696205422
110,anadyr,64.75,177.4833,2.28,59,0,5.0,RU,1696205422
111,medina,24.4686,39.6142,32.24,17,0,0.0,SA,1696205422
112,ulanhot,46.0833,122.0833,12.92,43,3,2.38,CN,1696205423
113,remire-montjoly,4.9167,-52.2667,28.02,78,0,1.54,GF,1696205423
114,fortaleza,-3.7227,-38.5247,26.19,78,14,5.77,BR,1696205333
115,port-cartier,50.0334,-66.8654,14.86,63,18,2.09,CA,1696205423
116,georgetown,5.4112,100.3354,27.75,89,20,0.0,MY,1696205423
117,susuman,62.7833,148.1667,1.1,73,16,1.34,RU,1696205423
118,uray,60.1247,64.7758,8.82,83,71,5.36,RU,1696205424
119,protaras,35.0125,34.0583,22.22,76,0,6.37,CY,1696205424
120,yanbu,24.0891,38.0637,29.02,94,20,0.0,SA,1696205424
121,mananjary,-21.2167,48.3333,22.48,90,85,2.94,MG,1696205424
122,saint-philippe,-21.3585,55.7679,21.77,74,3,2.37,RE,1696205424
123,al burayqah,30.4062,19.5739,23.91,66,0,5.47,LY,1696205424
124,jucas,-6.5253,-39.5275,28.17,35,4,1.53,BR,1696205424
125,brak,27.5496,14.2714,25.38,38,41,7.44,LY,1696205424
126,belmar,40.1785,-74.0218,22.79,79,0,0.0,US,1696205425
127,kodiak,57.79,-152.4072,10.73,66,40,4.63,US,1696205425
128,pisco,-13.7,-76.2167,19.03,82,0,7.72,PE,1696205425
129,howard springs,-12.497,131.047,31.01,49,9,2.13,AU,1696205425
130,fairfield,41.2668,-73.3162,20.44,76,0,3.09,US,1696205425
131,ixtapa,20.7,-105.2,30.57,79,75,4.63,MX,1696205425
132,bathsheba,13.2167,-59.5167,28.64,79,100,6.31,BB,1696205425
133,mugia,43.1041,-9.2179,17.73,72,71,3.37,ES,1696205425
134,ixtepec,16.5786,-95.1022,28.74,70,97,5.42,MX,1696205426
135,nova sintra,14.8667,-24.7167,24.02,78,77,3.55,CV,1696205426
136,ushuaia,-54.8,-68.3,2.81,60,100,5.66,AR,1696205426
137,ciudad del maiz,22.4,-99.6,23.88,53,3,4.88,MX,1696205426
138,wailua homesteads,22.0669,-159.378,30.24,78,20,5.14,US,1696205426
139,koratla,18.8167,78.7167,23.67,93,100,2.01,IN,1696205426
140,olonkinbyen,70.9221,-8.7187,-0.04,89,100,6.32,SJ,1696205426
141,broken hill,-31.95,141.4333,31.53,14,71,12.1,AU,1696205426
142,ponta delgada,37.7333,-25.6667,20.4,73,20,5.66,PT,1696205427
143,mount pearl,47.5166,-52.7813,13.41,82,24,1.79,CA,1696205427
144,pandan,14.0453,124.1694,28.38,80,100,4.59,PH,1696205427
145,sharkan,57.2989,53.8712,11.18,71,71,4.33,RU,1696205427
146,kreminna,49.0495,38.2179,15.95,50,70,0.98,UA,1696205427
147,labrador city,52.9463,-66.9114,8.5,69,43,3.52,CA,1696205427
148,tucuma,-0.1833,-50.05,27.41,76,90,4.71,BR,1696205427
149,hithadhoo,-0.6,73.0833,27.33,77,71,5.62,MV,1696205428
150,santa flavia,38.085,13.5351,21.88,75,0,0.89,IT,1696205428
151,sudislavl',57.8817,41.7083,8.94,89,86,3.4,RU,1696205428
152,tursunzoda,38.5144,68.2333,16.36,29,6,2.2,TJ,1696205428
153,lerwick,60.1545,-1.1494,12.0,85,47,6.81,GB,1696205428
154,lihue,21.9789,-159.3672,30.58,73,20,5.14,US,1696205428
155,mildura,-34.2,142.15,22.26,40,88,6.67,AU,1696205428
156,khandyga,62.6667,135.6,4.42,96,100,1.75,RU,1696205428
157,geraldton,-28.7667,114.6,18.23,63,100,8.75,AU,1696205429
158,constantia,44.1833,28.65,17.38,47,77,8.44,RO,1696205429
159,north bay,46.3168,-79.4663,19.5,84,99,0.92,CA,1696205322
160,east london,-33.0153,27.9116,14.64,70,17,5.65,ZA,1696205429
161,thompson,55.7435,-97.8558,4.09,93,100,4.63,CA,1696205429
162,bolotnoye,55.6717,84.3981,-0.65,73,85,2.71,RU,1696205429
163,dryden,49.7833,-92.7503,18.16,94,75,4.12,CA,1696205146
164,santa elena de uairen,4.6167,-61.1333,24.3,52,99,0.56,VE,1696205429
165,guerrero negro,27.9769,-114.0611,22.1,63,34,7.4,MX,1696205430
166,fortuna,40.5982,-124.1573,18.29,74,0,5.14,US,1696205291
167,berdigestyakh,62.0989,126.6992,4.6,67,90,1.79,RU,1696205430
168,forster,-32.1667,152.5167,24.1,58,52,4.1,AU,1696205430
169,port elizabeth,-33.918,25.5701,15.17,78,0,2.68,ZA,1696205430
170,wainwright,52.839,-110.8572,12.18,48,50,3.43,CA,1696205430
171,baiquan,47.5833,126.0833,10.73,62,33,2.23,CN,1696205430
172,west bay,19.3667,-81.4167,30.56,78,20,2.57,KY,1696205430
173,goure,13.9835,10.2704,24.02,60,36,1.35,NE,1696205431
174,talnakh,69.4865,88.3972,-12.82,96,35,3.23,RU,1696205431
175,sao joao da barra,-21.6403,-41.0511,21.04,98,100,5.74,BR,1696205431
176,lebu,-37.6167,-73.65,9.06,83,96,2.75,CL,1696205431
177,caleta de carquin,-11.0925,-77.6267,19.21,84,47,5.01,PE,1696205431
178,la passe,45.5549,-0.8967,18.13,62,56,2.91,FR,1696205431
179,choyr,46.3611,108.3611,10.45,32,96,2.22,MN,1696205431
180,iaciara,-14.0958,-46.6317,30.97,24,25,0.88,BR,1696205431
181,pariaman,-0.619,100.12,26.03,89,100,2.93,ID,1696205432
182,badger,64.8,-147.5333,9.14,53,100,2.06,US,1696205432
183,santiago ixcuintla,21.8167,-105.2167,30.49,71,19,3.05,MX,1696205432
184,preobrazheniye,42.9019,133.9064,14.69,52,1,4.47,RU,1696205432
185,mount gambier,-37.8333,140.7667,17.14,45,0,4.49,AU,1696205432
186,ilo,-17.6394,-71.3375,17.6,87,29,2.73,PE,1696205432
187,yelizovo,53.1873,158.3805,5.08,100,100,2.0,RU,1696205432
188,aral,40.5156,81.2636,17.52,29,1,2.52,CN,1696205432
189,colonia,50.9333,6.95,18.19,84,0,1.03,DE,1696205433
190,vorgashor,67.5833,63.95,9.01,94,100,5.82,RU,1696205433
191,villa general belgrano,-31.9754,-64.5559,17.29,45,0,2.87,AR,1696205433
192,chonchi,-42.6128,-73.8092,6.56,98,98,0.71,CL,1696205433
193,carnarvon,-24.8667,113.6333,20.59,59,76,6.43,AU,1696205433
194,ad dilam,23.9915,47.1627,27.23,21,0,1.04,SA,1696205433
195,isafjordur,66.0755,-23.124,5.46,94,100,12.1,IS,1696205433
196,batang,-6.4846,110.7083,26.87,63,8,3.24,ID,1696205434
197,forde,61.4522,5.8572,12.0,93,100,1.03,NO,1696205434
198,sitka,57.0531,-135.33,12.94,76,100,7.2,US,1696205434
199,lazaro cardenas,17.9583,-102.2,29.9,77,19,3.48,MX,1696205434
200,guiratinga,-16.3494,-53.7583,28.68,52,69,1.01,BR,1696205279
201,vila franca do campo,37.7167,-25.4333,20.23,99,67,3.52,PT,1696205434
202,korla,41.7597,86.1469,16.16,37,0,4.18,CN,1696205434
203,metlili chaamba,32.2667,3.6333,21.94,42,0,2.86,DZ,1696205435
204,punta arenas,-53.15,-70.9167,0.62,86,11,7.41,CL,1696205338
205,coquimbo,-29.9533,-71.3436,13.06,79,63,2.18,CL,1696205435
206,sartell,45.6216,-94.2069,28.12,56,0,3.6,US,1696205435
207,invercargill,-46.4,168.35,10.57,88,69,6.71,NZ,1696205435
208,buka,40.8108,69.1986,12.68,42,94,1.99,UZ,1696205435
209,petawawa,45.9001,-77.3328,15.88,91,73,0.97,CA,1696205435
210,chropyne,49.3564,17.3645,13.98,66,62,1.38,CZ,1696205435
211,colares,38.7992,-9.4469,22.41,78,20,3.58,PT,1696205435
212,tshabong,-26.05,22.45,19.18,42,0,3.67,BW,1696205436
213,okha,53.5739,142.9478,9.01,96,100,7.59,RU,1696205283
214,kapurthala,31.3794,75.3847,20.04,33,0,1.14,IN,1696205412
215,el porvenir,13.7617,-87.3458,24.23,84,81,0.23,HN,1696205436
216,akseki,37.0486,31.79,12.02,76,69,3.09,TR,1696205436
217,machico,32.7,-16.7667,23.17,84,20,2.57,PT,1696205436
218,guichon,-32.35,-57.2,10.47,70,0,3.13,UY,1696205351
219,kugesi,56.029,47.2925,13.81,82,20,3.0,RU,1696205436
220,whangarei,-35.7317,174.3239,22.03,30,11,3.6,NZ,1696205197
221,hamilton,39.1834,-84.5333,24.84,67,0,1.78,US,1696205058
222,cabimas,10.3883,-71.4399,28.83,80,92,7.76,VE,1696205437
223,san ignacio de velasco,-16.3667,-60.95,28.67,49,61,1.86,BO,1696205437
224,tolanaro,-25.0319,46.9987,20.25,82,10,2.76,MG,1696205437
225,san felipe,10.3399,-68.7425,24.8,90,94,0.13,VE,1696205437
226,kavaratti,10.5669,72.642,27.51,80,97,5.61,IN,1696205437
227,necochea,-38.5473,-58.7368,8.41,92,12,5.22,AR,1696205437
228,ouarzazat,30.9189,-6.8934,23.46,22,74,0.42,MA,1696205437
229,portland,45.5234,-122.6762,22.52,49,20,3.6,US,1696204708
230,myitkyina,25.3833,97.4,23.45,100,74,0.26,MM,1696205438
231,scone,56.4194,-3.4051,11.65,91,81,2.18,GB,1696205438
232,vrangel',42.7297,133.0839,15.03,57,5,4.35,RU,1696205288
233,chibougamau,49.9168,-74.3659,12.67,65,9,1.73,CA,1696205438
234,papatowai,-46.5619,169.4708,11.76,78,30,7.6,NZ,1696205438
235,viveiro,43.6623,-7.5934,21.39,74,83,1.87,ES,1696205438
236,keflavik,64.0049,-22.5624,7.24,81,0,3.09,IS,1696205438
237,sao vicente,-23.9631,-46.3919,22.1,26,100,2.72,BR,1696205439
238,alofi,-19.0595,-169.9187,22.68,67,94,10.87,NU,1696205439
239,andrushivka,50.0229,29.0202,13.59,55,89,2.35,UA,1696205439
240,qaqortoq,60.7167,-46.0333,2.31,82,100,1.88,GL,1696205439
241,malakanagiri,18.35,81.9,23.89,98,100,1.43,IN,1696205439
242,luanco,43.6152,-5.7934,23.04,99,20,1.07,ES,1696205439
243,santarem,-2.4431,-54.7083,28.07,83,0,1.54,BR,1696205439
244,sisimiut,66.9395,-53.6735,0.6,71,99,2.38,GL,1696205439
245,pangkalpinang,-2.1333,106.1333,26.38,79,100,2.74,ID,1696205440
246,villamontes,-21.25,-63.5,23.12,40,7,0.59,BO,1696205440
247,rabo de peixe,37.8,-25.5833,19.73,99,20,5.66,PT,1696205440
248,xilin hot,43.9667,116.0333,10.59,32,88,2.02,CN,1696205440
249,port hedland,-20.3167,118.5667,27.03,39,2,3.6,AU,1696205440
250,happy valley-goose bay,53.3168,-60.3315,8.58,61,70,3.76,CA,1696205440
251,vilyuysk,63.7553,121.6247,6.62,86,100,3.24,RU,1696205440
252,coron,11.9986,120.2043,27.34,89,100,3.03,PH,1696205440
253,luderitz,-26.6481,15.1594,15.51,77,0,2.83,NA,1696205441
254,chauk,20.8833,94.8167,24.09,94,95,4.82,MM,1696205441
255,midland,31.9974,-102.0779,29.37,43,40,8.75,US,1696205266
256,prince rupert,54.3161,-130.3201,12.05,92,100,7.72,CA,1696205161
257,tralee,52.2704,-9.7026,10.83,95,100,2.49,IE,1696205441
258,okoneshnikovo,54.8377,75.0834,4.21,51,4,1.64,RU,1696205441
259,cockburn town,21.4612,-71.1419,28.8,73,79,7.31,TC,1696205288
260,kenai,60.5544,-151.2583,10.08,79,100,2.06,US,1696205355
261,hasaki,35.7333,140.8333,23.22,63,99,9.24,JP,1696205441
262,paulista florida,-21.6,-51.2,24.32,80,60,2.9,BR,1696205441
263,pervomayskoye,43.919,46.7102,16.15,77,27,4.47,RU,1696205442
264,tommot,58.9564,126.2925,4.43,68,99,0.45,RU,1696205442
265,praia da vitoria,38.7333,-27.0667,18.75,82,72,3.48,PT,1696205442
266,aasiaat,68.7098,-52.8699,-6.88,79,11,3.6,GL,1696205442
267,pacific grove,36.6177,-121.9166,21.25,79,0,4.63,US,1696205442
268,san mateo del mar,16.2,-95.0,29.87,70,100,11.64,MX,1696205442
269,howrah,22.5892,88.3103,27.0,94,75,1.54,IN,1696205442
270,hadibu,12.65,54.0333,26.12,83,18,3.54,YE,1696205442
271,lakatoro,-16.0999,167.4164,25.7,73,99,8.74,VU,1696205443
272,petrolina,-9.3986,-40.5008,24.03,46,0,1.03,BR,1696205443
273,parker,32.7668,-97.8003,30.84,35,98,0.89,US,1696205286
274,yanchep,-31.55,115.6833,15.53,64,100,8.7,AU,1696205443
275,bengkulu,-3.8004,102.2655,23.18,88,98,1.38,ID,1696205352
276,karratha,-20.7377,116.8463,25.02,33,1,8.82,AU,1696205443
277,nemuro,43.3236,145.575,15.67,83,23,3.63,JP,1696205162
278,balqash,46.8481,74.995,13.8,60,100,8.3,KZ,1696205443
279,verkhnevilyuysk,63.4453,120.3167,7.19,84,100,3.13,RU,1696205443
280,dudinka,69.4058,86.1778,-14.07,100,89,1.79,RU,1696205444
281,bosaso,11.2842,49.1816,27.54,64,4,1.7,SO,1696205444
282,nova vicosa,-17.8919,-39.3719,22.82,74,40,5.28,BR,1696205444
283,hirara,24.8,125.2833,27.94,82,30,12.17,JP,1696205444
284,yorkton,51.2167,-102.4677,10.91,93,100,3.6,CA,1696205444
285,maumere,-8.6199,122.2111,27.19,71,67,0.71,ID,1696205444
286,la ronge,55.1001,-105.2842,6.39,90,100,2.37,CA,1696205444
287,maisi,43.0395,41.2621,14.54,88,97,2.03,GE,1696205444
288,arkhangel'sk,64.5401,40.5433,9.51,95,81,4.39,RU,1696205445
289,muktagacha,24.7667,90.2333,25.03,96,71,2.81,BD,1696205182
290,bridgewater,44.3835,-64.5155,12.28,92,0,0.89,CA,1696205445
291,tvoroyri,61.5556,-6.8111,10.59,90,66,11.46,FO,1696205445
292,nyurba,63.2842,118.3319,5.58,81,100,2.24,RU,1696205445
293,sterling,39.0062,-77.4286,22.51,74,0,0.0,US,1696205342
294,bardai,11.65,7.2333,22.32,85,99,2.62,NG,1696205445
295,nogliki,51.8333,143.1667,10.75,96,100,11.18,RU,1696205168
296,vilhena,-12.7406,-60.1458,24.62,75,95,1.15,BR,1696205445
297,venice,27.0998,-82.4543,27.01,89,20,9.77,US,1696205401
298,huntsville,34.7304,-86.5861,27.12,62,40,2.24,US,1696205119
299,huarmey,-10.0681,-78.1522,19.65,83,49,4.69,PE,1696205446
300,pajapan,18.25,-94.7,27.09,86,90,2.7,MX,1696205446
301,riberalta,-10.9833,-66.1,25.5,86,89,2.09,BO,1696205446
302,plettenberg bay,-34.0527,23.3716,13.49,76,0,2.64,ZA,1696205247
303,vredendal,-31.6683,18.5012,18.3,27,0,2.54,ZA,1696205446
304,illizi,26.4833,8.4667,27.33,34,0,5.71,DZ,1696205446
305,seka,17.9285,103.9552,24.28,94,74,1.02,TH,1696205446
306,anupgarh,29.1911,73.2086,28.81,19,0,2.8,IN,1696205447
307,alice springs,-23.7,133.8833,31.75,18,53,8.75,AU,1696205263
308,almeria,37.1667,-2.3333,18.76,44,0,1.4,ES,1696205447
309,tura,25.5198,90.2201,23.1,97,96,1.94,IN,1696205447
310,solnechnyy,50.7214,136.6319,7.24,96,100,4.62,RU,1696205447
311,alamos,27.0167,-108.9333,30.57,61,54,3.27,MX,1696205447
312,kapuskasing,49.4169,-82.4331,15.54,77,67,2.11,CA,1696205447
313,arica,-18.475,-70.3042,18.75,84,16,1.18,CL,1696205447
314,erenhot,43.6475,111.9767,14.68,32,100,2.84,CN,1696205448
315,saldanha,-33.0117,17.9442,14.61,75,1,4.71,ZA,1696205448
316,itaituba,-4.2761,-55.9836,33.09,29,81,0.98,BR,1696205448
317,bandarbeyla,9.4942,50.8122,25.56,88,32,6.32,SO,1696205448
318,bodo,67.28,14.405,7.02,94,100,3.09,NO,1696205448
319,karwar,14.8,74.1333,24.46,88,100,3.12,IN,1696205448
320,chubek,37.6137,69.7061,18.04,30,76,1.72,TJ,1696205448
321,alaghsas,17.0187,8.0168,28.55,37,3,4.25,NE,1696205449
322,hengchun,22.0042,120.7439,28.52,70,77,4.32,TW,1696205449
323,punta del este,-34.9667,-54.95,10.54,83,75,3.6,UY,1696205449
324,prince george,53.9166,-122.753,15.22,36,92,4.06,CA,1696205449
325,plastun,44.7561,136.2939,10.61,82,10,2.68,RU,1696205449
326,catia la mar,10.6038,-67.0303,29.99,89,70,2.98,VE,1696205449
327,albertina,-22.2008,-46.6158,18.74,96,79,1.15,BR,1696205449
328,cosio valtellino,46.1351,9.5516,20.49,78,18,1.35,IT,1696205449
329,willowmore,-33.2926,23.4895,9.06,88,1,2.33,ZA,1696205449
330,kamen'-na-obi,53.7884,81.3423,0.91,70,15,1.2,RU,1696205398
331,king city,36.2127,-121.126,22.16,38,39,2.93,US,1696205450
332,broome,42.2506,-75.833,18.9,86,41,1.96,US,1696205450
333,khodzha-maston,38.7446,68.627,7.68,38,4,2.87,TJ,1696205450
334,yuzhno-kurilsk,44.0306,145.8556,14.1,91,20,4.1,RU,1696205450
335,carauari,-4.8828,-66.8958,27.86,68,85,0.88,BR,1696205450
336,garachico,28.7781,-17.7646,22.06,78,40,4.12,ES,1696205450
337,saudarkrokur,65.7461,-19.6394,5.74,92,100,3.72,IS,1696205450
338,port saint john's,-31.6229,29.5448,16.42,66,97,3.58,ZA,1696205451
339,bilibino,68.0546,166.4372,-1.14,82,100,2.22,RU,1696205451
340,monrovia,6.3005,-10.7969,25.87,88,92,2.21,LR,1696205451
341,ingeniero guillermo n. juarez,-23.9,-61.85,24.21,34,64,2.99,AR,1696205451
342,shuangjiang,26.1547,109.7138,21.52,94,46,0.86,CN,1696205451
343,haiku-pauwela,20.9219,-156.3051,30.01,48,20,11.32,US,1696205451
344,harrismith,-28.2728,29.1295,3.74,86,1,2.5,ZA,1696205451
345,qom,34.6401,50.8764,21.21,19,40,1.65,IR,1696205452
346,shimoda,34.6667,138.95,24.2,71,74,5.91,JP,1696205179
347,santo antonio,-6.3106,-35.4789,21.02,86,8,2.96,BR,1696205452
348,gaspe,48.8334,-64.4819,11.83,75,9,2.86,CA,1696205294
349,laghouat,33.8,2.8651,21.47,41,0,1.22,DZ,1696205452
350,namibe,-15.1961,12.1522,18.64,82,0,3.47,AO,1696205452
351,lockwood,45.8191,-108.4149,13.01,74,100,4.12,US,1696205309
352,gorontalo,0.5412,123.0595,28.8,60,79,1.97,ID,1696205452
353,butembo,0.15,29.2833,14.93,94,89,0.87,CD,1696205452
354,mar del plata,-38.0023,-57.5575,10.61,88,5,1.79,AR,1696205452
355,taroa,8.7058,171.2275,28.55,76,85,6.31,MH,1696205453
356,okap,19.7578,-72.2042,28.74,82,100,6.82,HT,1696205453
357,arteche,12.2645,125.4048,28.97,75,92,4.83,PH,1696205453
358,punta umbria,37.1821,-6.9661,22.35,50,50,2.64,ES,1696205453
359,keetmanshoop,-26.5833,18.1333,19.93,24,0,4.25,NA,1696205453
360,san patricio,28.017,-97.5169,29.35,70,68,6.21,US,1696205453
361,katsuura,35.1333,140.3,23.01,67,77,8.18,JP,1696205453
362,asau,46.4333,26.4,14.6,72,82,1.31,RO,1696205454
363,smithers,54.7804,-127.1743,8.37,95,100,0.69,CA,1696205411
364,lesnoy,57.6198,63.0784,8.07,84,67,4.29,RU,1696205454
365,bel ombre,-4.6167,55.4167,26.44,84,57,7.08,SC,1696205454
366,qui nhon,13.7667,109.2333,26.18,86,100,2.13,VN,1696205454
367,matoury,4.8483,-52.3317,27.98,78,0,1.54,GF,1696205454
368,tindouf,27.6711,-8.1474,27.23,16,100,5.08,DZ,1696205454
369,kimbe,-5.5502,150.1429,31.15,63,58,1.9,PG,1696205454
370,bang saphan,11.2126,99.5117,25.88,86,99,1.9,TH,1696205454
371,fale old settlement,-9.3852,-171.2468,28.24,73,49,3.78,TK,1696205455
372,deschutes river woods,43.9915,-121.3584,14.82,41,0,6.69,US,1696205455
373,tarsus,36.9188,34.8784,19.21,73,72,4.05,TR,1696205455
374,qadirpur ran,30.2924,71.6712,24.94,20,0,1.12,PK,1696205455
375,fauske,67.2588,15.3918,7.02,86,99,2.27,NO,1696205455
376,rio preto da eva,-2.6994,-59.6997,32.57,32,54,0.12,BR,1696205455
377,saipan,15.1355,145.701,30.39,79,75,9.26,MP,1696205455
378,qashyr,53.0675,76.1036,4.43,61,1,2.61,KZ,1696205456
379,brisas de zicatela,15.8369,-97.0419,28.7,80,71,1.65,MX,1696205456
380,meadow lakes,61.6247,-149.6011,8.47,90,100,0.0,US,1696205256
381,tanda,26.55,82.65,24.98,90,86,2.37,IN,1696205456
382,phuthaditjhaba,-28.5242,28.8158,5.0,88,8,1.67,ZA,1696205456
383,dongkan,33.9997,119.8308,19.16,64,100,0.86,CN,1696205456
384,sola,-13.8833,167.55,25.5,80,100,12.56,VU,1696205456
385,bressanone,46.715,11.656,14.71,69,32,0.56,IT,1696205456
386,nuku'alofa,-21.1333,-175.2,23.19,60,75,9.77,TO,1696205457
387,tromso,69.6496,18.957,4.01,81,100,1.54,NO,1696205457
388,cururupu,-1.8283,-44.8683,24.93,86,55,2.28,BR,1696205457
389,ndele,8.4109,20.6473,22.67,92,67,0.45,CF,1696205457
390,toliara,-23.35,43.6667,22.71,87,5,2.77,MG,1696205457
391,nadi,-17.8,177.4167,28.0,44,40,4.63,FJ,1696205179
392,kemin,42.7846,75.6892,13.41,47,98,1.02,KG,1696205457
393,mantua,45.1667,10.7833,18.58,87,2,1.21,IT,1696205457
394,segezha,63.7415,34.3222,8.3,93,100,7.15,RU,1696205457
395,le port,-20.9373,55.2919,22.0,69,5,3.96,RE,1696205458
396,chernyshevskiy,63.0128,112.4714,-1.92,82,80,5.07,RU,1696205458
397,loralai,30.3705,68.598,15.61,16,0,2.64,PK,1696205458
398,teluk nibung,3.001,99.8164,24.8,92,83,1.9,ID,1696205458
399,hatillo,18.4863,-66.8254,28.9,91,100,5.42,PR,1696205458
400,conduaga,8.862,117.4893,27.2,86,91,4.45,PH,1696205458
401,suwayr,30.1171,40.3893,26.52,26,46,3.1,SA,1696205458
402,klaksvik,62.2266,-6.589,10.51,88,88,10.64,FO,1696205426
403,dunedin,-45.8742,170.5036,18.93,32,19,7.27,NZ,1696205392
404,lemvig,56.5486,8.3102,16.22,95,82,4.15,DK,1696205459
405,trairi,-3.2778,-39.2689,25.53,78,15,5.02,BR,1696205184
406,trogir,43.5125,16.2517,20.03,42,0,3.6,HR,1696205459
407,port lincoln,-34.7333,135.8667,19.1,52,0,5.22,AU,1696205459
408,gryazovets,58.88,40.2525,10.11,92,1,4.29,RU,1696205459
409,tyrnyauz,43.3828,42.9183,12.45,82,100,2.49,RU,1696205459
410,bundi,25.4417,75.6417,23.99,48,3,1.35,IN,1696205459
411,ust'-kut,56.7938,105.7672,-2.53,87,98,3.58,RU,1696205459
412,twon-brass,4.3151,6.2418,26.27,86,92,4.58,NG,1696205459
413,oakdale,44.963,-92.9649,29.5,55,0,2.57,US,1696205460
414,fukuecho,32.6881,128.8419,23.37,57,76,9.46,JP,1696205460
415,kill devil hills,36.0307,-75.676,21.66,77,0,4.63,US,1696205460
416,berezovyy,51.6667,135.7,7.75,94,100,3.05,RU,1696205460
417,walvis bay,-22.9575,14.5053,11.72,81,2,3.83,NA,1696205460
418,cabo san lucas,22.8909,-109.9124,32.61,65,0,6.69,MX,1696204976
419,codrington,-38.2667,141.9667,17.44,51,0,5.57,AU,1696205460
420,gobabis,-22.45,18.9667,19.72,16,0,5.42,NA,1696205460
421,bykovo,55.6361,38.0803,10.7,88,0,3.0,RU,1696205461
422,baymak,52.5933,58.3225,9.31,75,53,1.02,RU,1696205461
423,balabac,7.9868,117.0645,27.97,81,81,8.36,PH,1696205461
424,manfalut,27.3104,30.97,26.67,42,81,6.22,EG,1696205236
425,enewetak,11.3474,162.3373,29.33,75,69,4.46,MH,1696205461
426,karkira,36.9292,6.5856,20.87,84,0,1.57,DZ,1696205461
427,amga,60.8953,131.9608,4.43,96,98,0.89,RU,1696205461
428,arraial do cabo,-22.9661,-42.0278,20.92,94,75,0.0,BR,1696205325
429,ginir,7.1333,40.7,15.62,73,30,1.93,ET,1696205462
430,greenville,35.6127,-77.3663,20.08,90,0,0.0,US,1696205402
431,toba,34.4833,136.85,23.0,48,33,3.58,JP,1696205462
432,arecibo,18.4724,-66.7157,28.48,94,100,4.87,PR,1696205455
433,bulungu,-4.55,18.6,23.47,82,30,0.3,CD,1696205462
434,plesetsk,62.708,40.2916,9.07,93,100,3.93,RU,1696205462
435,juan griego,11.0817,-63.9655,27.37,81,99,2.56,VE,1696205462
436,asekeyevo,53.5742,52.7972,12.21,64,88,2.68,RU,1696205463
437,minas de marcona,-15.2119,-75.1103,14.84,83,30,5.3,PE,1696205463
438,belmonte,-15.8631,-38.8828,22.63,82,5,3.18,BR,1696205463
439,tsiombe,-25.3,45.4833,20.51,92,1,2.16,MG,1696205463
440,oranjemund,-28.55,16.4333,14.68,80,0,2.01,NA,1696205463
441,vizinga,61.0749,50.1031,9.29,93,67,4.06,RU,1696205463
442,tazacorte,28.629,-17.9293,23.54,78,40,4.12,ES,1696205463
443,tokar,18.4254,37.729,28.71,74,0,1.7,SD,1696205464
444,kutno,52.2306,19.3641,12.83,73,48,2.32,PL,1696205464
445,mareeba,-17.0,145.4333,26.38,62,35,3.05,AU,1696205464
446,aqaba,29.5267,35.0078,26.74,66,92,5.65,JO,1696205464
447,inarajan village,13.2736,144.7484,31.54,87,8,6.19,GU,1696205464
448,jingdezhen,29.2947,117.2079,21.6,79,88,1.27,CN,1696205464
449,bhadra,29.1167,75.1667,26.48,22,2,2.35,IN,1696205464
450,enshi,30.3,109.4833,18.86,98,100,0.21,CN,1696205464
451,timbuktu,16.7735,-3.0074,37.14,16,77,3.54,ML,1696205465
452,tamandare,-8.7597,-35.1047,23.28,76,2,2.8,BR,1696205465
453,awjilah,29.1081,21.2869,21.53,68,18,4.15,LY,1696205465
454,shuya,56.8487,41.3883,9.56,93,99,2.5,RU,1696205465
455,lodja,-3.4833,23.4333,22.78,79,10,0.73,CD,1696205465
456,makedonska kamenica,42.02,22.5919,13.6,86,14,1.31,MK,1696205465
457,kailua-kona,19.6406,-155.9956,28.06,81,75,2.57,US,1696205465
458,tarauaca,-8.1614,-70.7656,24.06,96,100,2.31,BR,1696205465
459,naukot,24.8587,69.4024,27.23,22,94,2.71,PK,1696205466
460,crane,31.3974,-102.3501,28.99,42,12,9.96,US,1696205466
461,ondjiva,-17.0667,15.7333,22.6,15,28,2.78,AO,1696205466
462,fort mcmurray,56.7268,-111.381,13.93,42,47,2.82,CA,1696205466
463,isangel,-19.55,169.2667,23.88,62,82,9.25,VU,1696205466
464,yunguyo,-16.25,-69.0833,10.62,64,66,1.1,PE,1696205466
465,tarasovskiy,48.7292,40.3636,14.65,44,82,2.7,RU,1696205466
466,aconibe,1.2968,10.9369,20.25,100,100,1.04,GQ,1696205466
467,nizhniye sergi,56.6614,59.3033,8.03,82,72,3.62,RU,1696205467
468,seydi,39.4816,62.9137,14.7,37,59,3.02,TM,1696205467
469,lolodorf,3.2333,10.7333,21.83,100,97,0.49,CM,1696205467
470,nizhnyaya poyma,56.1622,97.1933,-0.76,74,95,2.8,RU,1696205467
471,streator,41.1209,-88.8354,25.23,73,1,2.38,US,1696205467
472,acapulco de juarez,16.8634,-99.8901,28.9,74,75,4.63,MX,1696205467
473,kirensk,57.7853,108.1119,-1.1,86,70,3.13,RU,1696205467
474,priozersk,61.0393,30.1291,12.84,88,100,3.85,RU,1696205467
475,cobija,-11.0267,-68.7692,23.29,96,100,1.49,BO,1696205468
476,carolina beach,34.0352,-77.8936,22.26,77,1,2.04,US,1696205468
477,fada,9.5667,8.3,20.75,97,100,1.09,NG,1696205468
478,turan,16.0678,108.2208,25.99,94,20,0.0,VN,1696205468
479,aketi,2.7388,23.7833,22.64,97,100,1.14,CD,1696205234
480,gornopravdinsk,60.05,69.9,6.59,93,51,4.35,RU,1696205468
481,great falls,47.5002,-111.3008,8.25,92,100,3.09,US,1696205287
482,shingu,33.7333,135.9833,22.44,55,27,1.88,JP,1696205468
483,bukoba,-1.3317,31.8122,21.52,77,51,1.91,TZ,1696205469
484,hell-ville,-13.4,48.2667,25.12,78,81,1.61,MG,1696205469
485,yarmouth,41.7057,-70.2286,16.65,92,0,5.36,US,1696205469
486,gamba,-2.65,10.0,24.7,88,55,2.47,GA,1696205469
487,llanes,43.4198,-4.7549,22.86,64,25,1.03,ES,1696205469
488,noumea,-22.2763,166.4572,26.99,99,57,7.27,NC,1696205123
489,markala,13.7021,-6.0659,29.93,46,86,3.26,ML,1696205361
490,alamosa,37.4695,-105.87,19.99,32,75,9.77,US,1696205469
491,peterhead,57.5058,-1.7981,11.22,73,62,4.94,GB,1696205470
492,mwandiga,-4.83,29.6581,25.01,64,3,1.46,TZ,1696205470
493,yei,4.095,30.6779,18.75,91,81,1.33,SS,1696205470
494,olpad,21.3333,72.75,26.29,61,53,2.53,IN,1696205470
495,san antonio,29.4241,-98.4936,33.04,44,75,5.66,US,1696204988
496,darab,28.7519,54.5444,22.36,23,0,1.45,IR,1696205470
497,mejit,10.2753,170.8646,28.23,78,73,5.16,MH,1696205470
498,islamkot,24.6997,70.177,27.31,40,52,3.13,PK,1696205470
499,perugorria,-29.3413,-58.6106,14.23,66,7,4.12,AR,1696205471
500,letlhakeng,-24.0944,25.0298,19.84,54,1,5.65,BW,1696205471
501,oyotun,-6.8519,-79.3036,24.23,68,63,2.29,PE,1696205471
502,whakatane,-37.9585,176.9854,20.84,67,24,4.47,NZ,1696205471
503,villa gesell,-37.2639,-56.973,8.92,83,4,5.15,AR,1696205471
504,vanino,49.0869,140.2543,9.96,82,100,6.14,RU,1696205471
505,bereket,39.2446,55.5154,16.56,23,5,5.18,TM,1696205471
506,ust'-ilimsk,58.0006,102.6619,-1.42,83,90,4.02,RU,1696205471
507,bahar,34.9072,48.4414,14.14,41,86,2.18,IR,1696205472
508,navrongo,10.8956,-1.0921,26.45,77,47,3.01,GH,1696205472
509,harstad,68.799,16.5293,4.89,95,93,1.79,NO,1696205472
510,znin,52.8496,17.7199,14.52,66,76,2.46,PL,1696205472
511,shache,38.4167,77.2406,17.62,31,1,1.92,CN,1696205472
512,saint-francois,46.4154,3.9054,11.69,100,57,1.03,FR,1696205472
513,ankang,32.68,109.0172,15.12,93,100,0.89,CN,1696205296
514,hassi messaoud,31.6804,6.0729,23.25,42,0,4.62,DZ,1696205472
515,conception bay south,47.4999,-52.9981,13.74,85,18,5.25,CA,1696205473
516,abqaiq,25.9371,49.6776,28.61,23,0,4.59,SA,1696205473
517,luwuk,-0.9516,122.7875,28.55,58,55,2.3,ID,1696205473
518,thunder bay,48.4001,-89.3168,16.81,99,98,3.03,CA,1696205408
519,bonthe,7.5264,-12.505,26.27,88,100,0.76,SL,1696205473
520,tangalle,6.024,80.7911,24.67,89,86,3.25,LK,1696205473
521,safonovo,55.15,33.2167,10.41,86,100,2.52,RU,1696205473
522,yeraliyev,43.2,51.65,18.0,41,0,3.84,KZ,1696205473
523,nishinoomote,30.7333,131.0,24.31,73,40,4.12,JP,1696205474
524,kachug,53.9606,105.8817,1.14,84,44,1.34,RU,1696205474
525,as samawah,31.332,45.2944,29.34,26,1,4.06,IQ,1696205474
526,badr hunayn,23.7829,38.7905,28.27,70,70,0.79,SA,1696205474
527,st. john's,47.5649,-52.7093,13.87,81,75,10.29,CA,1696205180
528,road town,18.4167,-64.6167,29.05,84,75,4.63,VG,1696205336
529,trevelin,-43.0858,-71.4639,8.71,91,43,2.28,AR,1696205474
530,north battleford,52.7834,-108.2847,9.11,74,100,1.92,CA,1696205474
531,doschatoye,55.3825,42.1072,12.98,92,100,1.53,RU,1696205475
532,quellon,-43.1167,-73.6167,5.05,86,85,0.97,CL,1696205475
533,gadzhiyevo,69.2551,33.3362,4.27,85,96,6.72,RU,1696205475
534,sokoni,-6.4333,39.55,24.95,81,2,4.64,TZ,1696205475
535,anna regina,7.2644,-58.5077,28.32,77,99,4.53,GY,1696205475
536,ad-damazin,11.7891,34.3592,23.25,75,68,3.15,SD,1696205420
537,the pas,53.8251,-101.2541,7.01,87,100,4.12,CA,1696205475
538,belyye stolby,55.3314,37.854,12.22,87,0,3.13,RU,1696205475
539,celso ramos,-27.6344,-51.3364,11.77,92,0,1.67,BR,1696205476
540,conceicao da barra,-18.5933,-39.7322,23.35,71,81,5.12,BR,1696205203
541,hailar,49.2,119.7,9.0,54,7,1.86,CN,1696205476
542,burutu,5.3509,5.5076,25.42,89,94,2.27,NG,1696205476
543,kertih,4.5141,103.4483,25.64,88,100,2.29,MY,1696205476
544,mogocha,53.7333,119.7667,5.97,70,36,0.89,RU,1696205282
545,ewo,-0.8725,14.8206,24.14,88,91,1.27,CG,1696205476
546,lambarene,-0.7001,10.2406,23.64,96,37,1.29,GA,1696205476
547,hammerfest,70.6634,23.6821,3.25,75,100,2.06,NO,1696205477
548,kitimat,54.0524,-128.6534,10.94,25,100,1.01,CA,1696205477
549,aioun,16.6614,-9.6149,33.05,13,62,3.43,MR,1696205477
550,port macquarie,-31.4333,152.9167,25.5,57,51,5.23,AU,1696205443
551,hoa binh,20.8133,105.3383,25.23,87,22,0.49,VN,1696205477
552,shaffa,10.5067,12.3332,22.47,90,92,1.23,NG,1696205477
553,bratsk,56.1325,101.6142,-0.66,75,100,4.12,RU,1696205477
554,banjarmasin,-3.3244,114.591,25.08,62,37,1.41,ID,1696205478
555,byron bay,-28.65,153.6167,25.59,48,0,5.35,AU,1696205478
556,las vegas,36.175,-115.1372,24.04,32,20,12.07,US,1696205241
557,sarreguemines,49.0833,7.3333,14.45,61,58,0.88,FR,1696205478
558,aykhal,66.0,111.5,0.04,98,100,7.15,RU,1696205478
559,abu dhabi,24.4667,54.3667,32.75,60,0,2.06,AE,1696205285
560,dyatlovo,53.4631,25.4068,8.28,95,23,2.55,BY,1696205478
561,lata,40.1629,-8.3327,18.29,68,31,0.9,PT,1696205479
562,kegen,43.0197,79.2203,5.12,69,81,2.0,KZ,1696205479
563,thames,-37.1333,175.5333,19.34,55,45,5.36,NZ,1696205456
564,warmbad,-28.45,18.7333,20.8,32,0,4.24,NA,1696205479
565,tacuarembo,-31.7333,-55.9833,9.14,76,0,1.82,UY,1696205306
566,maues,-3.3836,-57.7186,30.38,30,31,0.41,BR,1696205479
567,majholi,23.5,79.9167,23.71,86,100,1.46,IN,1696205296
568,ulladulla,-35.35,150.4667,20.43,56,82,3.99,AU,1696205479
569,skanes,35.7833,10.8,24.01,83,20,1.54,TN,1696205479
570,siracusa,37.0881,15.2792,18.65,67,2,3.85,IT,1696205480
571,alta,69.9689,23.2717,2.59,81,100,2.57,NO,1696205480
572,sao paulo de olivenca,-3.3783,-68.8725,27.73,68,88,0.59,BR,1696205480
573,kupang,-10.1667,123.5833,30.32,54,20,2.57,ID,1696205480
574,sterlitamak,53.6246,55.9502,10.79,67,45,2.98,RU,1696205311
575,east ballina,-28.8667,153.5833,25.06,48,0,3.53,AU,1696205480
576,palu,-0.8917,119.8707,28.07,80,42,0.74,ID,1696205480
577,novodvinsk,64.4165,40.8122,9.32,95,72,3.62,RU,1696205480
578,paciran,-6.8767,112.3761,26.35,69,11,2.86,ID,1696205481
579,tomah,43.9786,-90.504,26.31,61,0,0.0,US,1696205481
580,mega,4.05,38.3,19.06,58,79,5.82,ET,1696205481
581,san luis de la loma,17.2706,-100.8939,28.04,87,74,2.29,MX,1696205481
